nome,categoria,preco,avaliacao,estoque,data,horario
It's Only the Himalayas, Travel,45.17,2,In stock,2022-04-24,23:20:49
Full Moon over Noah’s ..., Travel,49.43,4,In stock,2022-04-24,23:20:49
See America: A Celebration ..., Travel,48.87,3,In stock,2022-04-24,23:20:49
Vagabonding: An Uncommon Guide ..., Travel,36.94,2,In stock,2022-04-24,23:20:49
Under the Tuscan Sun, Travel,37.33,3,In stock,2022-04-24,23:20:49
A Summer In Europe, Travel,44.34,2,In stock,2022-04-24,23:20:49
The Great Railway Bazaar, Travel,30.54,1,In stock,2022-04-24,23:20:49
A Year in Provence ..., Travel,56.88,4,In stock,2022-04-24,23:20:49
The Road to Little ..., Travel,23.21,1,In stock,2022-04-24,23:20:49
Neither Here nor There: ..., Travel,38.95,3,In stock,2022-04-24,23:20:49
"1,000 Places to See ...", Travel,26.08,5,In stock,2022-04-24,23:20:49
Sharp Objects, Mystery,47.82,4,In stock,2022-04-24,23:20:49
"In a Dark, Dark ...", Mystery,19.63,1,In stock,2022-04-24,23:20:49
The Past Never Ends, Mystery,56.50,4,In stock,2022-04-24,23:20:49
A Murder in Time, Mystery,16.64,1,In stock,2022-04-24,23:20:49
The Murder of Roger ..., Mystery,44.10,4,In stock,2022-04-24,23:20:49
The Last Mile (Amos ..., Mystery,54.21,2,In stock,2022-04-24,23:20:49
That Darkness (Gardiner and ..., Mystery,13.92,1,In stock,2022-04-24,23:20:49
Tastes Like Fear (DI ..., Mystery,10.69,1,In stock,2022-04-24,23:20:49
A Time of Torment ..., Mystery,48.35,5,In stock,2022-04-24,23:20:49
A Study in Scarlet ..., Mystery,16.73,2,In stock,2022-04-24,23:20:49
Poisonous (Max Revere Novels ..., Mystery,26.80,3,In stock,2022-04-24,23:20:49
Murder at the 42nd ..., Mystery,54.36,4,In stock,2022-04-24,23:20:49
Most Wanted, Mystery,35.28,3,In stock,2022-04-24,23:20:49
Hide Away (Eve Duncan ..., Mystery,11.84,1,In stock,2022-04-24,23:20:49
Boar Island (Anna Pigeon ..., Mystery,59.48,3,In stock,2022-04-24,23:20:49
The Widow, Mystery,27.26,2,In stock,2022-04-24,23:20:49
Playing with Fire, Mystery,13.71,3,In stock,2022-04-24,23:20:49
What Happened on Beale ..., Mystery,25.37,5,In stock,2022-04-24,23:20:49
The Bachelor Girl's Guide ..., Mystery,52.30,5,In stock,2022-04-24,23:20:49
Delivering the Truth (Quaker ..., Mystery,20.89,4,In stock,2022-04-24,23:20:49
The Mysterious Affair at ..., Mystery,24.80,4,In stock,2022-04-24,23:20:49
In the Woods (Dublin ..., Mystery,38.38,2,In stock,2022-04-24,23:20:49
The Silkworm (Cormoran Strike ..., Mystery,23.05,5,In stock,2022-04-24,23:20:49
The Exiled, Mystery,43.45,3,In stock,2022-04-24,23:20:49
The Cuckoo's Calling (Cormoran ..., Mystery,19.21,1,In stock,2022-04-24,23:20:49
Extreme Prey (Lucas Davenport ..., Mystery,25.40,3,In stock,2022-04-24,23:20:49
Career of Evil (Cormoran ..., Mystery,24.72,2,In stock,2022-04-24,23:20:49
The No. 1 Ladies' ..., Mystery,57.70,4,In stock,2022-04-24,23:20:49
The Girl You Lost, Mystery,12.29,5,In stock,2022-04-24,23:20:49
The Girl In The ..., Mystery,15.85,3,In stock,2022-04-24,23:20:49
Blood Defense (Samantha Brinkman ..., Mystery,20.30,3,In stock,2022-04-24,23:20:49
1st to Die (Women's ..., Mystery,53.98,1,In stock,2022-04-24,23:20:49
Tipping the Velvet, Historical Fiction,53.74,1,In stock,2022-04-24,23:20:49
Forever and Forever: The ..., Historical Fiction,29.69,3,In stock,2022-04-24,23:20:49
A Flight of Arrows ..., Historical Fiction,55.53,5,In stock,2022-04-24,23:20:49
The House by the ..., Historical Fiction,36.95,1,In stock,2022-04-24,23:20:49
Mrs. Houdini, Historical Fiction,30.25,5,In stock,2022-04-24,23:20:49
The Marriage of Opposites, Historical Fiction,28.08,4,In stock,2022-04-24,23:20:49
Glory over Everything: Beyond ..., Historical Fiction,45.84,3,In stock,2022-04-24,23:20:49
"Love, Lies and Spies", Historical Fiction,20.55,2,In stock,2022-04-24,23:20:49
A Paris Apartment, Historical Fiction,39.01,4,In stock,2022-04-24,23:20:49
Lilac Girls, Historical Fiction,17.28,2,In stock,2022-04-24,23:20:49
The Constant Princess (The ..., Historical Fiction,16.62,3,In stock,2022-04-24,23:20:49
The Invention of Wings, Historical Fiction,37.34,1,In stock,2022-04-24,23:20:49
World Without End (The ..., Historical Fiction,32.97,4,In stock,2022-04-24,23:20:49
The Passion of Dolssa, Historical Fiction,28.32,5,In stock,2022-04-24,23:20:49
Girl With a Pearl ..., Historical Fiction,26.77,1,In stock,2022-04-24,23:20:49
Voyager (Outlander #3), Historical Fiction,21.07,5,In stock,2022-04-24,23:20:49
The Red Tent, Historical Fiction,35.66,5,In stock,2022-04-24,23:20:49
The Last Painting of ..., Historical Fiction,55.55,2,In stock,2022-04-24,23:20:49
The Guernsey Literary and ..., Historical Fiction,49.53,1,In stock,2022-04-24,23:20:49
Girl in the Blue ..., Historical Fiction,46.83,2,In stock,2022-04-24,23:20:49
Between Shades of Gray, Historical Fiction,20.79,5,In stock,2022-04-24,23:20:49
While You Were Mine, Historical Fiction,41.32,5,In stock,2022-04-24,23:20:49
The Secret Healer, Historical Fiction,34.56,3,In stock,2022-04-24,23:20:49
Starlark, Historical Fiction,25.83,3,In stock,2022-04-24,23:20:49
Lost Among the Living, Historical Fiction,27.70,4,In stock,2022-04-24,23:20:49
A Spy's Devotion (The ..., Historical Fiction,16.97,5,In stock,2022-04-24,23:20:49
Scott Pilgrim's Precious Little ..., Sequential Art,52.29,5,In stock,2022-04-24,23:20:49
Tsubasa: WoRLD CHRoNiCLE 2 ..., Sequential Art,16.28,1,In stock,2022-04-24,23:20:49
This One Summer, Sequential Art,19.49,4,In stock,2022-04-24,23:20:49
The Nameless City (The ..., Sequential Art,38.16,4,In stock,2022-04-24,23:20:49
"Saga, Volume 5 (Saga ...", Sequential Art,51.04,2,In stock,2022-04-24,23:20:49
"Rat Queens, Vol. 3: ...", Sequential Art,50.40,3,In stock,2022-04-24,23:20:49
"Princess Jellyfish 2-in-1 Omnibus, ...", Sequential Art,13.61,5,In stock,2022-04-24,23:20:49
"Pop Gun War, Volume ...", Sequential Art,18.97,1,In stock,2022-04-24,23:20:49
Patience, Sequential Art,10.16,3,In stock,2022-04-24,23:20:49
"Outcast, Vol. 1: A ...", Sequential Art,15.44,4,In stock,2022-04-24,23:20:49
orange: The Complete Collection ..., Sequential Art,48.41,1,In stock,2022-04-24,23:20:49
"Lumberjanes, Vol. 2: Friendship ...", Sequential Art,46.91,2,In stock,2022-04-24,23:20:49
"Lumberjanes, Vol. 1: Beware ...", Sequential Art,45.61,3,In stock,2022-04-24,23:20:49
Lumberjanes Vol. 3: A ..., Sequential Art,19.92,2,In stock,2022-04-24,23:20:49
"I Hate Fairyland, Vol. ...", Sequential Art,29.17,2,In stock,2022-04-24,23:20:49
I am a Hero ..., Sequential Art,54.63,3,In stock,2022-04-24,23:20:49
"Giant Days, Vol. 2 ...", Sequential Art,22.11,2,In stock,2022-04-24,23:20:49
Danganronpa Volume 1, Sequential Art,51.99,4,In stock,2022-04-24,23:20:49
"Codename Baboushka, Volume 1: ...", Sequential Art,36.72,4,In stock,2022-04-24,23:20:49
Camp Midnight, Sequential Art,17.08,4,In stock,2022-04-24,23:20:49
"Bitch Planet, Vol. 1: ...", Sequential Art,37.92,2,In stock,2022-04-24,23:20:49
The Shadow Hero (The ..., Sequential Art,33.14,1,In stock,2022-04-24,23:20:49
"Fables, Vol. 1: Legends ...", Sequential Art,41.62,4,In stock,2022-04-24,23:20:49
Batman: The Long Halloween ..., Sequential Art,36.50,2,In stock,2022-04-24,23:20:49
Batman: The Dark Knight ..., Sequential Art,15.38,5,In stock,2022-04-24,23:20:49
"Wonder Woman: Earth One, ...", Sequential Art,37.34,4,In stock,2022-04-24,23:20:49
"We Are Robin, Vol. ...", Sequential Art,53.90,1,In stock,2022-04-24,23:20:49
Through the Woods, Sequential Art,25.38,2,In stock,2022-04-24,23:20:49
Superman Vol. 1: Before ..., Sequential Art,11.89,5,In stock,2022-04-24,23:20:49
"So Cute It Hurts!!, ...", Sequential Art,35.43,4,In stock,2022-04-24,23:20:49
Robin War, Sequential Art,47.82,3,In stock,2022-04-24,23:20:49
"Red Hood/Arsenal, Vol. 1: ...", Sequential Art,25.48,2,In stock,2022-04-24,23:20:49
"Naruto (3-in-1 Edition), Vol. ...", Sequential Art,38.39,2,In stock,2022-04-24,23:20:49
Lowriders to the Center ..., Sequential Art,51.51,2,In stock,2022-04-24,23:20:49
El Deafo, Sequential Art,57.62,5,In stock,2022-04-24,23:20:49
Batman: Europa, Sequential Art,32.01,2,In stock,2022-04-24,23:20:49
Art Ops Vol. 1, Sequential Art,48.80,3,In stock,2022-04-24,23:20:49
Adulthood Is a Myth: ..., Sequential Art,10.90,2,In stock,2022-04-24,23:20:49
"Fruits Basket, Vol. 9 ...", Sequential Art,33.95,4,In stock,2022-04-24,23:20:49
Roller Girl, Sequential Art,14.10,5,In stock,2022-04-24,23:20:49
"Fruits Basket, Vol. 7 ...", Sequential Art,19.57,1,In stock,2022-04-24,23:20:49
"Fruits Basket, Vol. 6 ...", Sequential Art,20.96,4,In stock,2022-04-24,23:20:49
"Death Note, Vol. 6: ...", Sequential Art,36.39,3,In stock,2022-04-24,23:20:49
"Fruits Basket, Vol. 5 ...", Sequential Art,16.33,1,In stock,2022-04-24,23:20:49
"Death Note, Vol. 5: ...", Sequential Art,52.41,1,In stock,2022-04-24,23:20:49
The Demon Prince of ..., Sequential Art,27.88,2,In stock,2022-04-24,23:20:49
"Fruits Basket, Vol. 4 ...", Sequential Art,50.44,4,In stock,2022-04-24,23:20:49
The Wicked + The ..., Sequential Art,14.41,3,In stock,2022-04-24,23:20:49
"The Sandman, Vol. 3: ...", Sequential Art,55.55,5,In stock,2022-04-24,23:20:49
"Saga, Volume 3 (Saga ...", Sequential Art,21.57,5,In stock,2022-04-24,23:20:49
Prodigy: The Graphic Novel ..., Sequential Art,43.63,3,In stock,2022-04-24,23:20:49
Persepolis: The Story of ..., Sequential Art,39.13,1,In stock,2022-04-24,23:20:49
Original Fake, Sequential Art,31.45,3,In stock,2022-04-24,23:20:49
"Grayson, Vol 3: Nemesis ...", Sequential Art,42.72,1,In stock,2022-04-24,23:20:49
"Fruits Basket, Vol. 3 ...", Sequential Art,45.17,2,In stock,2022-04-24,23:20:49
"Black Butler, Vol. 1 ...", Sequential Art,49.31,1,In stock,2022-04-24,23:20:49
Awkward, Sequential Art,38.02,2,In stock,2022-04-24,23:20:49
"The Sandman, Vol. 2: ...", Sequential Art,54.81,1,In stock,2022-04-24,23:20:49
"Saga, Volume 2 (Saga ...", Sequential Art,11.75,3,In stock,2022-04-24,23:20:49
"Fruits Basket, Vol. 2 ...", Sequential Art,11.64,5,In stock,2022-04-24,23:20:49
"Y: The Last Man, ...", Sequential Art,18.51,4,In stock,2022-04-24,23:20:49
The Wicked + The ..., Sequential Art,36.52,2,In stock,2022-04-24,23:20:49
"The Sandman, Vol. 1: ...", Sequential Art,54.12,3,In stock,2022-04-24,23:20:49
The Complete Maus (Maus ..., Sequential Art,10.64,3,In stock,2022-04-24,23:20:49
"Skip Beat!, Vol. 01 ...", Sequential Art,42.12,3,In stock,2022-04-24,23:20:49
"Saga, Volume 1 (Saga ...", Sequential Art,28.48,1,In stock,2022-04-24,23:20:49
"Rat Queens, Vol. 1: ...", Sequential Art,46.96,5,In stock,2022-04-24,23:20:49
"Paper Girls, Vol. 1 ...", Sequential Art,21.71,4,In stock,2022-04-24,23:20:49
Ouran High School Host ..., Sequential Art,29.87,3,In stock,2022-04-24,23:20:49
"Ms. Marvel, Vol. 1: ...", Sequential Art,39.39,4,In stock,2022-04-24,23:20:49
"Hawkeye, Vol. 1: My ...", Sequential Art,45.24,3,In stock,2022-04-24,23:20:49
"Giant Days, Vol. 1 ...", Sequential Art,56.76,4,In stock,2022-04-24,23:20:49
"Fruits Basket, Vol. 1 ...", Sequential Art,40.28,5,In stock,2022-04-24,23:20:49
"Bleach, Vol. 1: Strawberry ...", Sequential Art,34.65,5,In stock,2022-04-24,23:20:49
"Ajin: Demi-Human, Volume 1 ...", Sequential Art,57.06,4,In stock,2022-04-24,23:20:49
The Secret Garden, Classics,15.08,4,In stock,2022-04-24,23:20:49
The Metamorphosis, Classics,28.58,1,In stock,2022-04-24,23:20:49
The Pilgrim's Progress, Classics,50.26,2,In stock,2022-04-24,23:20:49
The Hound of the ..., Classics,14.82,2,In stock,2022-04-24,23:20:49
Little Women (Little Women ..., Classics,28.07,4,In stock,2022-04-24,23:20:49
Gone with the Wind, Classics,32.49,3,In stock,2022-04-24,23:20:49
Candide, Classics,58.63,3,In stock,2022-04-24,23:20:49
Animal Farm, Classics,57.22,3,In stock,2022-04-24,23:20:49
Wuthering Heights, Classics,17.73,3,In stock,2022-04-24,23:20:49
The Picture of Dorian ..., Classics,29.70,2,In stock,2022-04-24,23:20:49
The Complete Stories and ..., Classics,26.78,4,In stock,2022-04-24,23:20:49
Beowulf, Classics,38.35,2,In stock,2022-04-24,23:20:49
And Then There Were ..., Classics,35.01,2,In stock,2022-04-24,23:20:49
The Story of Hong ..., Classics,43.19,4,In stock,2022-04-24,23:20:49
The Little Prince, Classics,45.42,2,In stock,2022-04-24,23:20:49
Sense and Sensibility, Classics,37.46,1,In stock,2022-04-24,23:20:49
Of Mice and Men, Classics,47.11,2,In stock,2022-04-24,23:20:49
Emma, Classics,32.93,2,In stock,2022-04-24,23:20:49
Alice in Wonderland (Alice's ..., Classics,55.53,1,In stock,2022-04-24,23:20:49
Sophie's World, Philosophy,15.94,5,In stock,2022-04-24,23:20:49
The Death of Humanity: ..., Philosophy,58.11,4,In stock,2022-04-24,23:20:49
The Stranger, Philosophy,17.44,4,In stock,2022-04-24,23:20:49
Proofs of God: Classical ..., Philosophy,54.21,1,In stock,2022-04-24,23:20:49
Kierkegaard: A Christian Missionary ..., Philosophy,47.13,1,In stock,2022-04-24,23:20:49
At The Existentialist Café: ..., Philosophy,29.93,5,In stock,2022-04-24,23:20:49
Critique of Pure Reason, Philosophy,20.75,1,In stock,2022-04-24,23:20:49
"Run, Spot, Run: The ...", Philosophy,20.02,1,In stock,2022-04-24,23:20:49
The Nicomachean Ethics, Philosophy,36.34,1,In stock,2022-04-24,23:20:49
Meditations, Philosophy,25.89,2,In stock,2022-04-24,23:20:49
Beyond Good and Evil, Philosophy,43.38,1,In stock,2022-04-24,23:20:49
Chase Me (Paris Nights ..., Romance,25.27,5,In stock,2022-04-24,23:20:49
Black Dust, Romance,34.53,5,In stock,2022-04-24,23:20:49
Her Backup Boyfriend (The ..., Romance,33.97,1,In stock,2022-04-24,23:20:49
First and First (Five ..., Romance,15.97,4,In stock,2022-04-24,23:20:49
Fifty Shades Darker (Fifty ..., Romance,21.96,1,In stock,2022-04-24,23:20:49
The Wedding Dress, Romance,24.12,1,In stock,2022-04-24,23:20:49
Suddenly in Love (Lake ..., Romance,55.99,2,In stock,2022-04-24,23:20:49
Something More Than This, Romance,16.24,4,In stock,2022-04-24,23:20:49
Doing It Over (Most ..., Romance,35.61,3,In stock,2022-04-24,23:20:49
The Wedding Pact (The ..., Romance,32.61,3,In stock,2022-04-24,23:20:49
Hold Your Breath (Search ..., Romance,28.82,1,In stock,2022-04-24,23:20:49
Dirty (Dive Bar #1), Romance,40.83,4,In stock,2022-04-24,23:20:49
Take Me Home Tonight ..., Romance,53.98,3,In stock,2022-04-24,23:20:49
Off the Hook (Fishing ..., Romance,47.67,3,In stock,2022-04-24,23:20:49
A Gentleman's Position (Society ..., Romance,14.75,5,In stock,2022-04-24,23:20:49
"Sit, Stay, Love", Romance,20.90,3,In stock,2022-04-24,23:20:49
A Girl's Guide to ..., Romance,31.30,1,In stock,2022-04-24,23:20:49
The Perfect Play (Play ..., Romance,59.99,3,In stock,2022-04-24,23:20:49
Dark Lover (Black Dagger ..., Romance,12.87,1,In stock,2022-04-24,23:20:49
Changing the Game (Play ..., Romance,13.38,3,In stock,2022-04-24,23:20:49
A Walk to Remember, Romance,56.43,1,In stock,2022-04-24,23:20:49
The Purest Hook (Second ..., Romance,12.25,1,In stock,2022-04-24,23:20:49
The Obsession, Romance,45.43,1,In stock,2022-04-24,23:20:49
Reservations for Two, Romance,11.10,3,In stock,2022-04-24,23:20:49
Best of My Love ..., Romance,27.41,2,In stock,2022-04-24,23:20:49
Where Lightning Strikes (Bleeding ..., Romance,39.77,3,In stock,2022-04-24,23:20:49
This One Moment (Pushing ..., Romance,48.71,1,In stock,2022-04-24,23:20:49
"Rhythm, Chord & Malykhin", Romance,28.34,2,In stock,2022-04-24,23:20:49
My Perfect Mistake (Over ..., Romance,38.92,2,In stock,2022-04-24,23:20:49
Listen to Me (Fusion ..., Romance,58.99,3,In stock,2022-04-24,23:20:49
Imperfect Harmony, Romance,34.74,4,In stock,2022-04-24,23:20:49
Fighting Fate (Fighting #6), Romance,39.24,3,In stock,2022-04-24,23:20:49
Deep Under (Walker Security ..., Romance,47.09,5,In stock,2022-04-24,23:20:49
Charity's Cross (Charles Towne ..., Romance,41.24,1,In stock,2022-04-24,23:20:49
Bounty (Colorado Mountain #7), Romance,37.26,4,In stock,2022-04-24,23:20:49
I Had a Nice ..., Womens Fiction,57.36,4,In stock,2022-04-24,23:20:49
Will You Won't You ..., Womens Fiction,13.86,3,In stock,2022-04-24,23:20:49
Keep Me Posted, Womens Fiction,20.46,4,In stock,2022-04-24,23:20:49
Grey (Fifty Shades #4), Womens Fiction,48.49,4,In stock,2022-04-24,23:20:49
Meternity, Womens Fiction,43.58,3,In stock,2022-04-24,23:20:49
Some Women, Womens Fiction,13.73,5,In stock,2022-04-24,23:20:49
Shopaholic Ties the Knot ..., Womens Fiction,48.39,5,In stock,2022-04-24,23:20:49
Can You Keep a ..., Womens Fiction,21.94,1,In stock,2022-04-24,23:20:49
Twenties Girl, Womens Fiction,42.80,2,In stock,2022-04-24,23:20:49
The Undomestic Goddess, Womens Fiction,45.75,4,In stock,2022-04-24,23:20:49
The Nanny Diaries (Nanny ..., Womens Fiction,52.53,5,In stock,2022-04-24,23:20:49
The Devil Wears Prada ..., Womens Fiction,44.29,1,In stock,2022-04-24,23:20:49
Something Borrowed (Darcy & ..., Womens Fiction,48.96,5,In stock,2022-04-24,23:20:49
Something Blue (Darcy & ..., Womens Fiction,54.62,1,In stock,2022-04-24,23:20:49
I've Got Your Number, Womens Fiction,19.69,1,In stock,2022-04-24,23:20:49
The Edge of Reason ..., Womens Fiction,19.18,4,In stock,2022-04-24,23:20:49
Bridget Jones's Diary (Bridget ..., Womens Fiction,29.82,1,In stock,2022-04-24,23:20:49
Soumission, Fiction,50.10,1,In stock,2022-04-24,23:20:49
Private Paris (Private #10), Fiction,47.61,5,In stock,2022-04-24,23:20:49
"We Love You, Charlie ...", Fiction,50.27,5,In stock,2022-04-24,23:20:49
Thirst, Fiction,17.27,5,In stock,2022-04-24,23:20:49
The Murder That Never ..., Fiction,54.11,3,In stock,2022-04-24,23:20:49
Tuesday Nights in 1980, Fiction,21.04,2,In stock,2022-04-24,23:20:49
The Vacationers, Fiction,42.15,4,In stock,2022-04-24,23:20:49
The Regional Office Is ..., Fiction,51.36,5,In stock,2022-04-24,23:20:49
Finders Keepers (Bill Hodges ..., Fiction,53.53,5,In stock,2022-04-24,23:20:49
The Time Keeper, Fiction,27.88,5,In stock,2022-04-24,23:20:49
The Testament of Mary, Fiction,52.67,4,In stock,2022-04-24,23:20:49
The First Hostage (J.B. ..., Fiction,25.85,3,In stock,2022-04-24,23:20:49
Take Me with You, Fiction,45.21,3,In stock,2022-04-24,23:20:49
Still Life with Bread ..., Fiction,26.41,3,In stock,2022-04-24,23:20:49
Shtum, Fiction,55.84,4,In stock,2022-04-24,23:20:49
My Name Is Lucy ..., Fiction,41.56,1,In stock,2022-04-24,23:20:49
My Mrs. Brown, Fiction,24.48,3,In stock,2022-04-24,23:20:49
Mr. Mercedes (Bill Hodges ..., Fiction,28.90,1,In stock,2022-04-24,23:20:49
I Am Pilgrim (Pilgrim ..., Fiction,10.60,4,In stock,2022-04-24,23:20:49
Eligible (The Austen Project ..., Fiction,27.09,3,In stock,2022-04-24,23:20:49
Eight Hundred Grapes, Fiction,14.39,4,In stock,2022-04-24,23:20:49
Dear Mr. Knightley, Fiction,11.21,5,In stock,2022-04-24,23:20:49
Cometh the Hour (The ..., Fiction,25.01,3,In stock,2022-04-24,23:20:49
Balloon Animals, Fiction,17.03,3,In stock,2022-04-24,23:20:49
A Man Called Ove, Fiction,39.72,1,In stock,2022-04-24,23:20:49
The Silent Sister (Riley ..., Fiction,46.29,5,In stock,2022-04-24,23:20:49
The Dinner Party, Fiction,56.54,2,In stock,2022-04-24,23:20:49
The Improbability of Love, Fiction,59.45,1,In stock,2022-04-24,23:20:49
Mothering Sunday, Fiction,13.34,2,In stock,2022-04-24,23:20:49
Lies and Other Acts ..., Fiction,45.14,1,In stock,2022-04-24,23:20:49
Daredevils, Fiction,16.34,3,In stock,2022-04-24,23:20:49
11/22/63, Fiction,48.48,3,In stock,2022-04-24,23:20:49
The Shack, Fiction,28.03,1,In stock,2022-04-24,23:20:49
The High Mountains of ..., Fiction,51.15,1,In stock,2022-04-24,23:20:49
Miller's Valley, Fiction,58.54,2,In stock,2022-04-24,23:20:49
Hystopia: A Novel, Fiction,21.96,4,In stock,2022-04-24,23:20:49
The Bourne Identity (Jason ..., Fiction,42.78,4,In stock,2022-04-24,23:20:49
Sister Dear, Fiction,40.20,4,In stock,2022-04-24,23:20:49
Memoirs of a Geisha, Fiction,49.67,3,In stock,2022-04-24,23:20:49
Me Before You (Me ..., Fiction,19.02,1,In stock,2022-04-24,23:20:49
Deception Point, Fiction,40.32,4,In stock,2022-04-24,23:20:49
The Little Paris Bookshop, Fiction,24.73,3,In stock,2022-04-24,23:20:49
The Firm, Fiction,45.56,3,In stock,2022-04-24,23:20:49
The Expatriates, Fiction,44.58,2,In stock,2022-04-24,23:20:49
Siddhartha, Fiction,34.22,5,In stock,2022-04-24,23:20:49
Last One Home (New ..., Fiction,59.98,3,In stock,2022-04-24,23:20:49
Digital Fortress, Fiction,58.00,5,In stock,2022-04-24,23:20:49
Atlas Shrugged, Fiction,26.58,5,In stock,2022-04-24,23:20:49
Three-Martini Lunch, Fiction,23.21,3,In stock,2022-04-24,23:20:49
The Nightingale, Fiction,26.26,4,In stock,2022-04-24,23:20:49
The Infinities, Fiction,27.41,1,In stock,2022-04-24,23:20:49
The Husband's Secret, Fiction,52.51,5,In stock,2022-04-24,23:20:49
The Da Vinci Code ..., Fiction,22.96,2,In stock,2022-04-24,23:20:49
The Art of Fielding, Fiction,22.10,1,In stock,2022-04-24,23:20:49
Lila (Gilead #3), Fiction,12.47,3,In stock,2022-04-24,23:20:49
Jurassic Park (Jurassic Park ..., Fiction,44.97,1,In stock,2022-04-24,23:20:49
Inferno (Robert Langdon #4), Fiction,41.00,5,In stock,2022-04-24,23:20:49
Crazy Rich Asians (Crazy ..., Fiction,49.13,5,In stock,2022-04-24,23:20:49
Big Little Lies, Fiction,22.11,1,In stock,2022-04-24,23:20:49
The Course of Love, Fiction,16.78,3,In stock,2022-04-24,23:20:49
When I'm Gone, Fiction,51.96,3,In stock,2022-04-24,23:20:49
The Silent Wife, Fiction,12.34,5,In stock,2022-04-24,23:20:49
The Bette Davis Club, Fiction,30.66,3,In stock,2022-04-24,23:20:49
Kitchens of the Great ..., Fiction,57.20,5,In stock,2022-04-24,23:20:49
Bright Lines, Fiction,39.07,5,In stock,2022-04-24,23:20:49
Birdsong: A Story in ..., Childrens,54.64,3,In stock,2022-04-24,23:20:49
The Bear and the ..., Childrens,36.89,1,In stock,2022-04-24,23:20:49
The Secret of Dreadwillow ..., Childrens,56.13,1,In stock,2022-04-24,23:20:49
The White Cat and ..., Childrens,58.08,4,In stock,2022-04-24,23:20:49
Little Red, Childrens,13.47,3,In stock,2022-04-24,23:20:49
Walt Disney's Alice in ..., Childrens,12.96,5,In stock,2022-04-24,23:20:49
Twenty Yawns, Childrens,22.08,2,In stock,2022-04-24,23:20:49
Rain Fish, Childrens,23.57,3,In stock,2022-04-24,23:20:49
Once Was a Time, Childrens,18.28,2,In stock,2022-04-24,23:20:49
Luis Paints the World, Childrens,53.95,3,In stock,2022-04-24,23:20:49
Nap-a-Roo, Childrens,25.08,1,In stock,2022-04-24,23:20:49
The Whale, Childrens,35.96,4,In stock,2022-04-24,23:20:49
"Shrunken Treasures: Literary Classics, ...", Childrens,52.87,3,In stock,2022-04-24,23:20:49
Raymie Nightingale, Childrens,34.41,2,In stock,2022-04-24,23:20:49
Playing from the Heart, Childrens,32.38,1,In stock,2022-04-24,23:20:49
Maybe Something Beautiful: How ..., Childrens,22.54,1,In stock,2022-04-24,23:20:49
The Wild Robot, Childrens,56.07,3,In stock,2022-04-24,23:20:49
The Thing About Jellyfish, Childrens,48.77,1,In stock,2022-04-24,23:20:49
The Lonely Ones, Childrens,43.59,5,In stock,2022-04-24,23:20:49
The Day the Crayons ..., Childrens,26.33,5,In stock,2022-04-24,23:20:49
The Cat in the ..., Childrens,16.26,2,In stock,2022-04-24,23:20:49
Red: The True Story ..., Childrens,28.54,3,In stock,2022-04-24,23:20:49
Horrible Bear!, Childrens,37.52,2,In stock,2022-04-24,23:20:49
Green Eggs and Ham ..., Childrens,10.79,4,In stock,2022-04-24,23:20:49
Counting Thyme, Childrens,10.62,1,In stock,2022-04-24,23:20:49
Are We There Yet?, Childrens,10.66,3,In stock,2022-04-24,23:20:49
Diary of a Minecraft ..., Childrens,52.88,4,In stock,2022-04-24,23:20:49
Matilda, Childrens,28.34,1,In stock,2022-04-24,23:20:49
Charlie and the Chocolate ..., Childrens,22.85,3,In stock,2022-04-24,23:20:49
Don't Be a Jerk: ..., Religion,37.97,2,In stock,2022-04-24,23:20:49
You Are What You ..., Religion,21.87,4,In stock,2022-04-24,23:20:49
God: The Most Unpleasant ..., Religion,30.03,5,In stock,2022-04-24,23:20:49
The Book of Mormon, Religion,24.57,3,In stock,2022-04-24,23:20:49
A History of God: ..., Religion,27.62,1,In stock,2022-04-24,23:20:49
The Bhagavad Gita, Religion,57.49,3,In stock,2022-04-24,23:20:49
Choosing Our Religion: The ..., Religion,28.42,4,In stock,2022-04-24,23:20:49
Worlds Elsewhere: Journeys Around ..., Nonfiction,40.30,5,In stock,2022-04-24,23:20:49
The Five Love Languages: ..., Nonfiction,31.05,3,In stock,2022-04-24,23:20:49
Reasons to Stay Alive, Nonfiction,26.41,2,In stock,2022-04-24,23:20:49
#HigherSelfie: Wake Up Your ..., Nonfiction,23.11,5,In stock,2022-04-24,23:20:49
Unseen City: The Majesty ..., Nonfiction,44.18,4,In stock,2022-04-24,23:20:49
Throwing Rocks at the ..., Nonfiction,31.12,3,In stock,2022-04-24,23:20:49
The Life-Changing Magic of ..., Nonfiction,16.77,3,In stock,2022-04-24,23:20:49
The Gutsy Girl: Escapades ..., Nonfiction,37.13,1,In stock,2022-04-24,23:20:49
The Electric Pencil: Drawings ..., Nonfiction,56.06,1,In stock,2022-04-24,23:20:49
Spark Joy: An Illustrated ..., Nonfiction,41.83,4,In stock,2022-04-24,23:20:49
Reskilling America: Learning to ..., Nonfiction,19.83,2,In stock,2022-04-24,23:20:49
In the Country We ..., Nonfiction,22.00,4,In stock,2022-04-24,23:20:49
Everydata: The Misinformation Hidden ..., Nonfiction,54.35,2,In stock,2022-04-24,23:20:49
Call the Nurse: True ..., Nonfiction,29.14,5,In stock,2022-04-24,23:20:49
Algorithms to Live By: ..., Nonfiction,30.81,1,In stock,2022-04-24,23:20:49
The Power of Now: ..., Nonfiction,43.54,2,In stock,2022-04-24,23:20:49
The Omnivore's Dilemma: A ..., Nonfiction,38.21,2,In stock,2022-04-24,23:20:49
The Genius of Birds, Nonfiction,17.24,1,In stock,2022-04-24,23:20:49
The Artist's Way: A ..., Nonfiction,38.49,5,In stock,2022-04-24,23:20:49
So You've Been Publicly ..., Nonfiction,12.23,2,In stock,2022-04-24,23:20:49
Daring Greatly: How the ..., Nonfiction,19.43,3,In stock,2022-04-24,23:20:49
Big Magic: Creative Living ..., Nonfiction,30.80,3,In stock,2022-04-24,23:20:49
Becoming Wise: An Inquiry ..., Nonfiction,27.43,2,In stock,2022-04-24,23:20:49
Agnostic: A Spirited Manifesto, Nonfiction,12.51,5,In stock,2022-04-24,23:20:49
Whole Lotta Creativity Going ..., Nonfiction,38.20,4,In stock,2022-04-24,23:20:49
What's It Like in ..., Nonfiction,19.60,2,In stock,2022-04-24,23:20:49
The Year of Magical ..., Nonfiction,43.04,2,In stock,2022-04-24,23:20:49
The Literature Book (Big ..., Nonfiction,17.43,3,In stock,2022-04-24,23:20:49
The Bad-Ass Librarians of ..., Nonfiction,15.77,1,In stock,2022-04-24,23:20:49
Swell: A Year of ..., Nonfiction,45.58,1,In stock,2022-04-24,23:20:49
No Dream Is Too ..., Nonfiction,21.95,2,In stock,2022-04-24,23:20:49
Looking for Lovely: Collecting ..., Nonfiction,29.14,5,In stock,2022-04-24,23:20:49
Let It Out: A ..., Nonfiction,26.79,5,In stock,2022-04-24,23:20:49
Hamilton: The Revolution, Nonfiction,58.79,3,In stock,2022-04-24,23:20:49
Far & Away: Places ..., Nonfiction,15.06,4,In stock,2022-04-24,23:20:49
Eaternity: More than 150 ..., Nonfiction,51.75,5,In stock,2022-04-24,23:20:49
Buying In: The Secret ..., Nonfiction,37.80,4,In stock,2022-04-24,23:20:49
Brain on Fire: My ..., Nonfiction,49.32,5,In stock,2022-04-24,23:20:49
Abstract City, Nonfiction,56.37,5,In stock,2022-04-24,23:20:49
13 Hours: The Inside ..., Nonfiction,27.06,1,In stock,2022-04-24,23:20:49
The Lonely City: Adventures ..., Nonfiction,33.26,2,In stock,2022-04-24,23:20:49
The Diary of a ..., Nonfiction,59.90,3,In stock,2022-04-24,23:20:49
Snatched: How A Drug ..., Nonfiction,21.21,3,In stock,2022-04-24,23:20:49
Furiously Happy: A Funny ..., Nonfiction,41.46,4,In stock,2022-04-24,23:20:49
The Sleep Revolution: Transforming ..., Nonfiction,11.68,4,In stock,2022-04-24,23:20:49
"Mother, Can You Not?", Nonfiction,16.89,5,In stock,2022-04-24,23:20:49
A Mother's Reckoning: Living ..., Nonfiction,19.53,3,In stock,2022-04-24,23:20:49
10% Happier: How I ..., Nonfiction,24.57,2,In stock,2022-04-24,23:20:49
Chernobyl 01:23:40: The Incredible ..., Nonfiction,35.92,2,In stock,2022-04-24,23:20:49
Zero to One: Notes ..., Nonfiction,34.06,3,In stock,2022-04-24,23:20:49
Why Not Me?, Nonfiction,17.76,1,In stock,2022-04-24,23:20:49
When Breath Becomes Air, Nonfiction,39.36,2,In stock,2022-04-24,23:20:49
"The Midnight Assassin: Panic, ...", Nonfiction,28.45,4,In stock,2022-04-24,23:20:49
Smarter Faster Better: The ..., Nonfiction,38.89,5,In stock,2022-04-24,23:20:49
Rising Strong, Nonfiction,21.82,3,In stock,2022-04-24,23:20:49
Man's Search for Meaning, Nonfiction,29.48,3,In stock,2022-04-24,23:20:49
Love That Boy: What ..., Nonfiction,25.06,2,In stock,2022-04-24,23:20:49
Living Forward: A Proven ..., Nonfiction,12.55,3,In stock,2022-04-24,23:20:49
I Will Find You, Nonfiction,44.21,1,In stock,2022-04-24,23:20:49
Brazen: The Courage to ..., Nonfiction,19.22,2,In stock,2022-04-24,23:20:49
Between the World and ..., Nonfiction,56.91,4,In stock,2022-04-24,23:20:49
Being Mortal: Medicine and ..., Nonfiction,55.06,4,In stock,2022-04-24,23:20:49
A Murder Over a ..., Nonfiction,13.20,3,In stock,2022-04-24,23:20:49
For the Love: Fighting ..., Nonfiction,45.13,3,In stock,2022-04-24,23:20:49
Finding God in the ..., Nonfiction,46.64,2,In stock,2022-04-24,23:20:49
The Man Who Mistook ..., Nonfiction,59.45,4,In stock,2022-04-24,23:20:49
In Cold Blood, Nonfiction,49.98,4,In stock,2022-04-24,23:20:49
"Girl, Interrupted", Nonfiction,42.14,3,In stock,2022-04-24,23:20:49
Why Save the Bankers?: ..., Nonfiction,48.67,2,In stock,2022-04-24,23:20:49
Talking to Girls About ..., Nonfiction,25.15,4,In stock,2022-04-24,23:20:49
My Mother Was Nuts, Nonfiction,31.63,4,In stock,2022-04-24,23:20:49
"Data, A Love Story: ...", Nonfiction,32.35,3,In stock,2022-04-24,23:20:49
The Jazz of Physics: ..., Nonfiction,38.71,3,In stock,2022-04-24,23:20:49
The Gunning of America: ..., Nonfiction,16.81,4,In stock,2022-04-24,23:20:49
The Geography of Bliss: ..., Nonfiction,28.23,2,In stock,2022-04-24,23:20:49
God Is Not Great: ..., Nonfiction,27.80,1,In stock,2022-04-24,23:20:49
We the People: The ..., Nonfiction,31.95,3,In stock,2022-04-24,23:20:49
Very Good Lives: The ..., Nonfiction,50.66,3,In stock,2022-04-24,23:20:49
"Unstuffed: Decluttering Your Home, ...", Nonfiction,58.09,1,In stock,2022-04-24,23:20:49
Under the Banner of ..., Nonfiction,30.00,1,In stock,2022-04-24,23:20:49
Trespassing Across America: One ..., Nonfiction,53.51,1,In stock,2022-04-24,23:20:49
The Name of God ..., Nonfiction,37.25,2,In stock,2022-04-24,23:20:49
Stiff: The Curious Lives ..., Nonfiction,36.74,3,In stock,2022-04-24,23:20:49
Spilled Milk: Based on ..., Nonfiction,49.51,1,In stock,2022-04-24,23:20:49
Rise of the Rocket ..., Nonfiction,41.67,4,In stock,2022-04-24,23:20:49
Outliers: The Story of ..., Nonfiction,14.16,1,In stock,2022-04-24,23:20:49
Notes from a Small ..., Nonfiction,40.17,1,In stock,2022-04-24,23:20:49
Night (The Night Trilogy ..., Nonfiction,13.51,1,In stock,2022-04-24,23:20:49
Miracles from Heaven: A ..., Nonfiction,57.83,1,In stock,2022-04-24,23:20:49
Letter to a Christian ..., Nonfiction,22.20,1,In stock,2022-04-24,23:20:49
Let's Pretend This Never ..., Nonfiction,45.11,1,In stock,2022-04-24,23:20:49
It's Never Too Late ..., Nonfiction,42.38,1,In stock,2022-04-24,23:20:49
Into the Wild, Nonfiction,56.70,5,In stock,2022-04-24,23:20:49
In the Garden of ..., Nonfiction,28.85,3,In stock,2022-04-24,23:20:49
I Am Malala: The ..., Nonfiction,28.88,2,In stock,2022-04-24,23:20:49
Gratitude, Nonfiction,26.66,5,In stock,2022-04-24,23:20:49
Disrupted: My Misadventure in ..., Nonfiction,15.28,5,In stock,2022-04-24,23:20:49
Brave Enough, Nonfiction,51.32,5,In stock,2022-04-24,23:20:49
Born to Run: A ..., Nonfiction,27.35,2,In stock,2022-04-24,23:20:49
Blink: The Power of ..., Nonfiction,21.74,5,In stock,2022-04-24,23:20:49
Black Flags: The Rise ..., Nonfiction,40.87,1,In stock,2022-04-24,23:20:49
Are We Smart Enough ..., Nonfiction,56.58,1,In stock,2022-04-24,23:20:49
A Walk in the ..., Nonfiction,30.48,4,In stock,2022-04-24,23:20:49
The Suffragettes (Little Black ..., Nonfiction,11.89,2,In stock,2022-04-24,23:20:49
Kindle Paperwhite User's Guide, Nonfiction,34.00,3,In stock,2022-04-24,23:20:49
H is for Hawk, Nonfiction,57.42,5,In stock,2022-04-24,23:20:49
Travels with Charley: In ..., Nonfiction,57.82,5,In stock,2022-04-24,23:20:49
The Tumor, Nonfiction,41.56,5,In stock,2022-04-24,23:20:49
The End of the ..., Nonfiction,14.40,1,In stock,2022-04-24,23:20:49
"Eat, Pray, Love", Nonfiction,51.32,3,In stock,2022-04-24,23:20:49
Rip it Up and ..., Music,35.02,5,In stock,2022-04-24,23:20:49
Our Band Could Be ..., Music,57.25,3,In stock,2022-04-24,23:20:49
How Music Works, Music,37.32,2,In stock,2022-04-24,23:20:49
Love Is a Mix ..., Music,18.03,1,In stock,2022-04-24,23:20:49
Please Kill Me: The ..., Music,31.19,4,In stock,2022-04-24,23:20:49
Kill 'Em and Leave: ..., Music,45.05,5,In stock,2022-04-24,23:20:49
"Chronicles, Vol. 1", Music,52.60,2,In stock,2022-04-24,23:20:49
This Is Your Brain ..., Music,38.40,1,In stock,2022-04-24,23:20:49
Orchestra of Exiles: The ..., Music,12.36,3,In stock,2022-04-24,23:20:49
No One Here Gets ..., Music,20.02,5,In stock,2022-04-24,23:20:49
Life, Music,31.58,5,In stock,2022-04-24,23:20:49
Old Records Never Die: ..., Music,55.66,2,In stock,2022-04-24,23:20:49
Forever Rockers (The Rocker ..., Music,28.80,3,In stock,2022-04-24,23:20:49
The Coming Woman: A ..., Default,17.93,3,In stock,2022-04-24,23:20:49
The Boys in the ..., Default,22.60,4,In stock,2022-04-24,23:20:49
Starving Hearts (Triangular Trade ..., Default,13.99,2,In stock,2022-04-24,23:20:49
America's Cradle of Quarterbacks: ..., Default,22.50,3,In stock,2022-04-24,23:20:49
Aladdin and His Wonderful ..., Default,53.13,3,In stock,2022-04-24,23:20:49
Penny Maybe, Default,33.29,3,In stock,2022-04-24,23:20:49
Maude (1883-1993):She Grew Up ..., Default,18.02,2,In stock,2022-04-24,23:20:49
The Inefficiency Assassin: Time ..., Default,20.59,5,In stock,2022-04-24,23:20:49
Soul Reader, Default,39.58,2,In stock,2022-04-24,23:20:49
Bossypants, Default,49.46,2,In stock,2022-04-24,23:20:49
A World of Flavor: ..., Default,42.95,1,In stock,2022-04-24,23:20:49
"A Piece of Sky, ...", Default,56.76,5,In stock,2022-04-24,23:20:49
Tracing Numbers on a ..., Default,41.60,3,In stock,2022-04-24,23:20:49
Thirteen Reasons Why, Default,52.72,1,In stock,2022-04-24,23:20:49
The Secret (The Secret ..., Default,27.37,4,In stock,2022-04-24,23:20:49
The Psychopath Test: A ..., Default,36.00,2,In stock,2022-04-24,23:20:49
The Kite Runner, Default,41.82,4,In stock,2022-04-24,23:20:49
The Girl on the ..., Default,55.02,2,In stock,2022-04-24,23:20:49
The Emerald Mystery, Default,23.15,2,In stock,2022-04-24,23:20:49
The Bridge to Consciousness: ..., Default,32.00,3,In stock,2022-04-24,23:20:49
The Art of War, Default,33.34,5,In stock,2022-04-24,23:20:49
Secrets and Lace (Fatal ..., Default,20.27,1,In stock,2022-04-24,23:20:49
Romero and Juliet: A ..., Default,36.94,1,In stock,2022-04-24,23:20:49
Poses for Artists Volume ..., Default,41.06,1,In stock,2022-04-24,23:20:49
Miss Peregrine’s Home for ..., Default,10.76,1,In stock,2022-04-24,23:20:49
Large Print Heart of ..., Default,19.15,2,In stock,2022-04-24,23:20:49
Grumbles, Default,22.16,2,In stock,2022-04-24,23:20:49
First Steps for New ..., Default,29.00,1,In stock,2022-04-24,23:20:49
Eureka Trivia 6.0, Default,54.59,4,In stock,2022-04-24,23:20:49
Drive: The Surprising Truth ..., Default,34.95,4,In stock,2022-04-24,23:20:49
Done Rubbed Out (Reightman ..., Default,37.72,5,In stock,2022-04-24,23:20:49
Beauty Restored (Riley Family ..., Default,11.11,2,In stock,2022-04-24,23:20:49
Ayumi's Violin, Default,15.48,2,In stock,2022-04-24,23:20:49
Anonymous, Default,46.82,4,In stock,2022-04-24,23:20:49
Amy Meets the Saints ..., Default,18.46,3,In stock,2022-04-24,23:20:49
Amatus, Default,50.54,5,In stock,2022-04-24,23:20:49
V for Vendetta (V ..., Default,37.10,4,In stock,2022-04-24,23:20:49
Unbroken: A World War ..., Default,45.95,2,In stock,2022-04-24,23:20:49
The Wright Brothers, Default,56.80,4,In stock,2022-04-24,23:20:49
The Songs of the ..., Default,44.48,5,In stock,2022-04-24,23:20:49
The Rosie Project (Don ..., Default,54.04,1,In stock,2022-04-24,23:20:49
The Power of Habit: ..., Default,16.88,3,In stock,2022-04-24,23:20:49
Steve Jobs, Default,39.50,5,In stock,2022-04-24,23:20:49
Luckiest Girl Alive, Default,49.83,3,In stock,2022-04-24,23:20:49
Living Leadership by Insight: ..., Default,46.91,4,In stock,2022-04-24,23:20:49
Lady Midnight (The Dark ..., Default,16.28,5,In stock,2022-04-24,23:20:49
"Hush, Hush (Hush, Hush ...", Default,47.02,3,In stock,2022-04-24,23:20:49
Greek Mythic History, Default,10.23,5,In stock,2022-04-24,23:20:49
Every Last Word, Default,46.47,3,In stock,2022-04-24,23:20:49
Daily Fantasy Sports, Default,36.58,1,In stock,2022-04-24,23:20:49
Clockwork Angel (The Infernal ..., Default,44.14,1,In stock,2022-04-24,23:20:49
City of Fallen Angels ..., Default,11.23,4,In stock,2022-04-24,23:20:49
City of Bones (The ..., Default,43.28,1,In stock,2022-04-24,23:20:49
City of Ashes (The ..., Default,47.27,1,In stock,2022-04-24,23:20:49
"Carry On, Warrior: Thoughts ...", Default,31.85,3,In stock,2022-04-24,23:20:49
Carrie, Default,46.23,2,In stock,2022-04-24,23:20:49
Angels & Demons (Robert ..., Default,51.48,3,In stock,2022-04-24,23:20:49
"The Three Searches, Meaning, ...", Default,13.33,3,In stock,2022-04-24,23:20:49
Raspberry Pi Electronics Projects ..., Default,49.67,4,In stock,2022-04-24,23:20:49
How to Speak Golf: ..., Default,58.32,5,In stock,2022-04-24,23:20:49
Eleanor & Park, Default,56.51,5,In stock,2022-04-24,23:20:49
Troublemaker: Surviving Hollywood and ..., Default,48.39,2,In stock,2022-04-24,23:20:49
Adultery, Default,20.88,5,In stock,2022-04-24,23:20:49
Unlimited Intuition Now, Default,58.87,4,In stock,2022-04-24,23:20:49
Underlying Notes, Default,11.82,2,In stock,2022-04-24,23:20:49
The New Brand You: ..., Default,44.05,5,In stock,2022-04-24,23:20:49
The Flowers Lied, Default,16.68,2,In stock,2022-04-24,23:20:49
NaNo What Now? Finding ..., Default,10.41,4,In stock,2022-04-24,23:20:49
Modern Day Fables, Default,47.44,2,In stock,2022-04-24,23:20:49
The Unlikely Pilgrimage of ..., Default,43.62,5,In stock,2022-04-24,23:20:49
The Martian (The Martian ..., Default,41.39,2,In stock,2022-04-24,23:20:49
Left Behind (Left Behind ..., Default,40.72,2,In stock,2022-04-24,23:20:49
John Vassos: Industrial Design ..., Default,20.22,4,In stock,2022-04-24,23:20:49
I'll Give You the ..., Default,56.48,1,In stock,2022-04-24,23:20:49
Heaven is for Real: ..., Default,52.86,2,In stock,2022-04-24,23:20:49
Ender's Game (The Ender ..., Default,43.64,1,In stock,2022-04-24,23:20:49
Death by Leisure: A ..., Default,37.51,4,In stock,2022-04-24,23:20:49
Wildlife of New York: ..., Default,22.14,2,In stock,2022-04-24,23:20:49
The Year of Living ..., Default,34.72,1,In stock,2022-04-24,23:20:49
The Great Gatsby, Default,36.05,4,In stock,2022-04-24,23:20:49
The Good Girl, Default,49.03,3,In stock,2022-04-24,23:20:49
The 7 Habits of ..., Default,33.17,4,In stock,2022-04-24,23:20:49
Steal Like an Artist: ..., Default,20.90,2,In stock,2022-04-24,23:20:49
Life of Pi, Default,13.22,4,In stock,2022-04-24,23:20:49
The Sound Of Love, Default,57.84,5,In stock,2022-04-24,23:20:49
The Perks of Being ..., Default,55.02,3,In stock,2022-04-24,23:20:49
The Makings of a ..., Default,31.58,2,In stock,2022-04-24,23:20:49
The Hobbit (Middle-Earth Universe), Default,17.80,5,In stock,2022-04-24,23:20:49
The Fellowship of the ..., Default,10.27,2,In stock,2022-04-24,23:20:49
Ship Leaves Harbor: Essays ..., Default,30.60,3,In stock,2022-04-24,23:20:49
Musicophilia: Tales of Music ..., Default,46.58,1,In stock,2022-04-24,23:20:49
What If?: Serious Scientific ..., Default,53.68,4,In stock,2022-04-24,23:20:49
The Fault in Our ..., Default,47.22,1,In stock,2022-04-24,23:20:49
The Dream Thieves (The ..., Default,34.50,1,In stock,2022-04-24,23:20:49
The 5th Wave (The ..., Default,11.83,2,In stock,2022-04-24,23:20:49
Shiver (The Wolves of ..., Default,16.23,5,In stock,2022-04-24,23:20:49
Remember Me?, Default,11.48,3,In stock,2022-04-24,23:20:49
If I Stay (If ..., Default,38.13,5,In stock,2022-04-24,23:20:49
I Know Why the ..., Default,36.55,2,In stock,2022-04-24,23:20:49
Harry Potter and the ..., Default,23.32,1,In stock,2022-04-24,23:20:49
Fool Me Once, Default,16.96,1,In stock,2022-04-24,23:20:49
Drama, Default,38.70,2,In stock,2022-04-24,23:20:49
"Blue Lily, Lily Blue ...", Default,34.13,5,In stock,2022-04-24,23:20:49
Alight (The Generations Trilogy ..., Default,58.59,4,In stock,2022-04-24,23:20:49
Vogue Colors A to ..., Default,52.35,4,In stock,2022-04-24,23:20:49
The Shining (The Shining ..., Default,27.88,3,In stock,2022-04-24,23:20:49
The Hunger Games (The ..., Default,29.85,5,In stock,2022-04-24,23:20:49
Outlander (Outlander #1), Default,19.67,5,In stock,2022-04-24,23:20:49
Mockingjay (The Hunger Games ..., Default,20.44,4,In stock,2022-04-24,23:20:49
Harry Potter and the ..., Default,13.90,3,In stock,2022-04-24,23:20:49
Confessions of a Shopaholic ..., Default,48.94,2,In stock,2022-04-24,23:20:49
Zero History (Blue Ant ..., Default,34.77,1,In stock,2022-04-24,23:20:49
World War Z: An ..., Default,21.80,1,In stock,2022-04-24,23:20:49
Wild: From Lost to ..., Default,46.02,3,In stock,2022-04-24,23:20:49
"Where'd You Go, Bernadette", Default,18.13,1,In stock,2022-04-24,23:20:49
Twilight (Twilight #1), Default,41.93,2,In stock,2022-04-24,23:20:49
The Paris Wife, Default,36.80,3,In stock,2022-04-24,23:20:49
The Maze Runner (The ..., Default,20.93,1,In stock,2022-04-24,23:20:49
The Lover's Dictionary, Default,58.09,2,In stock,2022-04-24,23:20:49
The Goldfinch, Default,43.58,3,In stock,2022-04-24,23:20:49
The Giver (The Giver ..., Default,12.30,1,In stock,2022-04-24,23:20:49
The Girl Who Played ..., Default,22.14,2,In stock,2022-04-24,23:20:49
The Demon-Haunted World: Science ..., Default,52.25,4,In stock,2022-04-24,23:20:49
The Book Thief, Default,53.49,2,In stock,2022-04-24,23:20:49
The Autobiography of Malcolm ..., Default,23.43,2,In stock,2022-04-24,23:20:49
Shopaholic & Baby (Shopaholic ..., Default,46.45,2,In stock,2022-04-24,23:20:49
Quiet: The Power of ..., Default,43.55,1,In stock,2022-04-24,23:20:49
Packing for Mars: The ..., Default,56.68,2,In stock,2022-04-24,23:20:49
Orange Is the New ..., Default,24.61,2,In stock,2022-04-24,23:20:49
One for the Money ..., Default,32.87,2,In stock,2022-04-24,23:20:49
Morning Star (Red Rising ..., Default,29.40,1,In stock,2022-04-24,23:20:49
Life After Life, Default,26.13,2,In stock,2022-04-24,23:20:49
"Lean In: Women, Work, ...", Default,25.02,1,In stock,2022-04-24,23:20:49
Is Everyone Hanging Out ..., Default,20.11,3,In stock,2022-04-24,23:20:49
Gone Girl, Default,37.60,5,In stock,2022-04-24,23:20:49
Fellside, Default,38.62,1,In stock,2022-04-24,23:20:49
Eclipse (Twilight #3), Default,18.74,1,In stock,2022-04-24,23:20:49
Dracula, Default,52.62,3,In stock,2022-04-24,23:20:49
Dead Wake: The Last ..., Default,39.24,5,In stock,2022-04-24,23:20:49
"David and Goliath: Underdogs, ...", Default,17.81,1,In stock,2022-04-24,23:20:49
Dark Places, Default,23.90,5,In stock,2022-04-24,23:20:49
Breaking Dawn (Twilight #4), Default,35.28,5,In stock,2022-04-24,23:20:49
Beautiful Creatures (Caster Chronicles ..., Default,21.55,5,In stock,2022-04-24,23:20:49
A Visit from the ..., Default,14.08,5,In stock,2022-04-24,23:20:49
The Zombie Room, Default,19.69,5,In stock,2022-04-24,23:20:49
The Name of the ..., Default,50.59,3,In stock,2022-04-24,23:20:49
Taking Shots (Assassins #1), Default,18.88,2,In stock,2022-04-24,23:20:49
Shatter Me (Shatter Me ..., Default,42.40,1,In stock,2022-04-24,23:20:49
Paradise Lost (Paradise #1), Default,24.96,1,In stock,2022-04-24,23:20:49
On the Road (Duluoz ..., Default,32.36,3,In stock,2022-04-24,23:20:49
Jane Eyre, Default,38.43,5,In stock,2022-04-24,23:20:49
Frankenstein, Default,38.00,2,In stock,2022-04-24,23:20:49
Mesaerion: The Best Science ..., Science Fiction,37.59,1,In stock,2022-04-24,23:20:49
Join, Science Fiction,35.67,5,In stock,2022-04-24,23:20:49
William Shakespeare's Star Wars: ..., Science Fiction,43.30,4,In stock,2022-04-24,23:20:49
The Project, Science Fiction,10.65,1,In stock,2022-04-24,23:20:49
Soft Apocalypse, Science Fiction,26.12,2,In stock,2022-04-24,23:20:49
Sleeping Giants (Themis Files ..., Science Fiction,48.74,1,In stock,2022-04-24,23:20:49
Arena, Science Fiction,21.36,4,In stock,2022-04-24,23:20:49
Foundation (Foundation (Publication Order) ..., Science Fiction,32.42,1,In stock,2022-04-24,23:20:49
The Restaurant at the ..., Science Fiction,10.92,1,In stock,2022-04-24,23:20:49
Ready Player One, Science Fiction,19.07,4,In stock,2022-04-24,23:20:49
"Life, the Universe and ...", Science Fiction,33.26,2,In stock,2022-04-24,23:20:49
Dune (Dune #1), Science Fiction,54.86,1,In stock,2022-04-24,23:20:49
Do Androids Dream of ..., Science Fiction,51.48,1,In stock,2022-04-24,23:20:49
Three Wishes (River of ..., Science Fiction,44.18,2,In stock,2022-04-24,23:20:49
The Last Girl (The ..., Science Fiction,36.26,2,In stock,2022-04-24,23:20:49
Having the Barbarian's Baby ..., Science Fiction,34.96,4,In stock,2022-04-24,23:20:49
The Book of Basketball: ..., Sports and Games,44.84,5,In stock,2022-04-24,23:20:49
Friday Night Lights: A ..., Sports and Games,51.22,3,In stock,2022-04-24,23:20:49
Sugar Rush (Offensive Line ..., Sports and Games,24.42,1,In stock,2022-04-24,23:20:49
Settling the Score (The ..., Sports and Games,44.91,2,In stock,2022-04-24,23:20:49
Icing (Aces Hockey #2), Sports and Games,40.44,4,In stock,2022-04-24,23:20:49
The Torch Is Passed: ..., Add a comment,19.09,1,In stock,2022-04-24,23:20:49
The Mindfulness and Acceptance ..., Add a comment,23.89,4,In stock,2022-04-24,23:20:49
The Art Forger, Add a comment,40.76,3,In stock,2022-04-24,23:20:49
On a Midnight Clear, Add a comment,14.07,3,In stock,2022-04-24,23:20:49
Judo: Seven Steps to ..., Add a comment,53.90,2,In stock,2022-04-24,23:20:49
"Shobu Samurai, Project Aryoku ...", Add a comment,29.06,3,In stock,2022-04-24,23:20:49
Modern Romance, Add a comment,28.26,5,In stock,2022-04-24,23:20:49
The White Queen (The ..., Add a comment,25.91,5,In stock,2022-04-24,23:20:49
The Song of Achilles, Add a comment,37.40,5,In stock,2022-04-24,23:20:49
The Immortal Life of ..., Add a comment,40.67,2,In stock,2022-04-24,23:20:49
The Dovekeepers, Add a comment,48.78,1,In stock,2022-04-24,23:20:49
More Than Music (Chasing ..., Add a comment,37.61,2,In stock,2022-04-24,23:20:49
Code Name Verity (Code ..., Add a comment,22.13,4,In stock,2022-04-24,23:20:49
Cell, Add a comment,20.29,4,In stock,2022-04-24,23:20:49
Angels Walking (Angels Walking ..., Add a comment,34.20,2,In stock,2022-04-24,23:20:49
A Series of Catastrophes ..., Add a comment,56.48,2,In stock,2022-04-24,23:20:49
A People's History of ..., Add a comment,40.79,2,In stock,2022-04-24,23:20:49
A Brush of Wings ..., Add a comment,55.51,1,In stock,2022-04-24,23:20:49
Rook, Add a comment,37.86,4,In stock,2022-04-24,23:20:49
The Midnight Watch: A ..., Add a comment,26.20,1,In stock,2022-04-24,23:20:49
The Gray Rhino: How ..., Add a comment,59.15,4,In stock,2022-04-24,23:20:49
The Children, Add a comment,11.88,3,In stock,2022-04-24,23:20:49
One with You (Crossfire ..., Add a comment,15.71,4,In stock,2022-04-24,23:20:49
Without Shame, Add a comment,48.27,5,In stock,2022-04-24,23:20:49
Watchmen, Add a comment,58.05,4,In stock,2022-04-24,23:20:49
A Hero's Curse (The ..., Add a comment,50.49,3,In stock,2022-04-24,23:20:49
23 Degrees South: A ..., Add a comment,35.79,2,In stock,2022-04-24,23:20:49
The Glass Castle, Add a comment,16.24,1,In stock,2022-04-24,23:20:49
The Drowning Girls, Add a comment,35.67,3,In stock,2022-04-24,23:20:49
Team of Rivals: The ..., Add a comment,20.12,5,In stock,2022-04-24,23:20:49
John Adams, Add a comment,57.43,4,In stock,2022-04-24,23:20:49
Good in Bed (Cannie ..., Add a comment,37.05,5,In stock,2022-04-24,23:20:49
The Joy of Cooking, Add a comment,43.27,4,In stock,2022-04-24,23:20:49
The Golden Compass (His ..., Add a comment,18.77,1,In stock,2022-04-24,23:20:49
The God Delusion, Add a comment,46.85,3,In stock,2022-04-24,23:20:49
Pride and Prejudice, Add a comment,19.27,4,In stock,2022-04-24,23:20:49
Mere Christianity, Add a comment,48.51,3,In stock,2022-04-24,23:20:49
Fun Home: A Family ..., Add a comment,56.59,4,In stock,2022-04-24,23:20:49
The Raven King (The ..., Add a comment,30.57,2,In stock,2022-04-24,23:20:49
Find Her (Detective D.D. ..., Add a comment,22.37,1,In stock,2022-04-24,23:20:49
Evicted: Poverty and Profit ..., Add a comment,42.27,1,In stock,2022-04-24,23:20:49
A Game of Thrones ..., Add a comment,46.42,2,In stock,2022-04-24,23:20:49
A Clash of Kings ..., Add a comment,10.79,3,In stock,2022-04-24,23:20:49
The Tipping Point: How ..., Add a comment,10.02,2,In stock,2022-04-24,23:20:49
The Rest Is Noise: ..., Add a comment,34.77,1,In stock,2022-04-24,23:20:49
The Purpose Driven Life: ..., Add a comment,37.19,3,In stock,2022-04-24,23:20:49
The Hitchhiker's Guide to ..., Add a comment,47.80,3,In stock,2022-04-24,23:20:49
The Girl Who Kicked ..., Add a comment,57.48,1,In stock,2022-04-24,23:20:49
The End of Faith: ..., Add a comment,22.13,4,In stock,2022-04-24,23:20:49
The Complete Poems, Add a comment,41.32,5,In stock,2022-04-24,23:20:49
The Catcher in the ..., Add a comment,24.55,1,In stock,2022-04-24,23:20:49
The Case for Christ ..., Add a comment,47.84,1,In stock,2022-04-24,23:20:49
The Blind Side: Evolution ..., Add a comment,53.71,5,In stock,2022-04-24,23:20:49
Seven Days in the ..., Add a comment,52.33,2,In stock,2022-04-24,23:20:49
Sarah's Key, Add a comment,46.29,1,In stock,2022-04-24,23:20:49
Rogue Lawyer (Rogue Lawyer ..., Add a comment,50.11,3,In stock,2022-04-24,23:20:49
Manuscript Found in Accra, Add a comment,34.98,2,In stock,2022-04-24,23:20:49
Fire Bound (Sea Haven/Sisters ..., Add a comment,21.28,4,In stock,2022-04-24,23:20:49
Cosmos, Add a comment,36.17,2,In stock,2022-04-24,23:20:49
#GIRLBOSS, Add a comment,50.96,1,In stock,2022-04-24,23:20:49
The Sense of an ..., Add a comment,31.38,3,In stock,2022-04-24,23:20:49
The Republic, Add a comment,33.78,3,In stock,2022-04-24,23:20:49
The Odyssey, Add a comment,29.64,3,In stock,2022-04-24,23:20:49
The Light of the ..., Add a comment,54.43,1,In stock,2022-04-24,23:20:49
The Iliad, Add a comment,16.16,1,In stock,2022-04-24,23:20:49
The Communist Manifesto, Add a comment,14.76,3,In stock,2022-04-24,23:20:49
Lord of the Flies, Add a comment,24.89,3,In stock,2022-04-24,23:20:49
Unicorn Tracks, Fantasy,18.78,3,In stock,2022-04-24,23:20:49
"Saga, Volume 6 (Saga ...", Fantasy,25.02,3,In stock,2022-04-24,23:20:49
Princess Between Worlds (Wide-Awake ..., Fantasy,13.34,5,In stock,2022-04-24,23:20:49
Masks and Shadows, Fantasy,56.40,2,In stock,2022-04-24,23:20:49
Crown of Midnight (Throne ..., Fantasy,43.29,3,In stock,2022-04-24,23:20:49
Avatar: The Last Airbender: ..., Fantasy,28.09,2,In stock,2022-04-24,23:20:49
A Court of Thorns ..., Fantasy,52.37,1,In stock,2022-04-24,23:20:49
Throne of Glass (Throne ..., Fantasy,35.07,3,In stock,2022-04-24,23:20:49
The Glittering Court (The ..., Fantasy,44.28,1,In stock,2022-04-24,23:20:49
Hollow City (Miss Peregrine’s ..., Fantasy,42.98,1,In stock,2022-04-24,23:20:49
The Star-Touched Queen, Fantasy,46.02,5,In stock,2022-04-24,23:20:49
The Hidden Oracle (The ..., Fantasy,52.26,2,In stock,2022-04-24,23:20:49
The Bane Chronicles (The ..., Fantasy,44.73,4,In stock,2022-04-24,23:20:49
Island of Dragons (Unwanteds ..., Fantasy,29.65,1,In stock,2022-04-24,23:20:49
Demigods & Magicians: Percy ..., Fantasy,37.51,5,In stock,2022-04-24,23:20:49
City of Glass (The ..., Fantasy,56.02,4,In stock,2022-04-24,23:20:49
Searching for Meaning in ..., Fantasy,38.73,1,In stock,2022-04-24,23:20:49
The Star-Touched Queen, Fantasy,32.30,5,In stock,2022-04-24,23:20:49
A Shard of Ice ..., Fantasy,56.63,3,In stock,2022-04-24,23:20:49
King's Folly (The Kinsman ..., Fantasy,39.61,5,In stock,2022-04-24,23:20:49
Every Heart a Doorway ..., Fantasy,12.16,5,In stock,2022-04-24,23:20:49
A Gathering of Shadows ..., Fantasy,44.81,4,In stock,2022-04-24,23:20:49
The Raven Boys (The ..., Fantasy,57.74,4,In stock,2022-04-24,23:20:49
The False Prince (The ..., Fantasy,56.00,5,In stock,2022-04-24,23:20:49
Tell the Wind and ..., Fantasy,45.51,3,In stock,2022-04-24,23:20:49
A Feast for Crows ..., Fantasy,17.21,4,In stock,2022-04-24,23:20:49
The Demonists (Demonist #1), Fantasy,52.11,2,In stock,2022-04-24,23:20:49
The Beast (Black Dagger ..., Fantasy,46.08,5,In stock,2022-04-24,23:20:49
Paper and Fire (The ..., Fantasy,49.45,5,In stock,2022-04-24,23:20:49
Harry Potter and the ..., Fantasy,31.63,4,In stock,2022-04-24,23:20:49
Harry Potter and the ..., Fantasy,48.75,5,In stock,2022-04-24,23:20:49
Harry Potter and the ..., Fantasy,14.74,1,In stock,2022-04-24,23:20:49
The Rose & the ..., Fantasy,58.64,4,In stock,2022-04-24,23:20:49
Soldier (Talon #3), Fantasy,24.72,2,In stock,2022-04-24,23:20:49
Midnight Riot (Peter Grant/ ..., Fantasy,55.46,2,In stock,2022-04-24,23:20:49
Heir to the Sky, Fantasy,44.07,4,In stock,2022-04-24,23:20:49
Eragon (The Inheritance Cycle ..., Fantasy,43.87,3,In stock,2022-04-24,23:20:49
Darkfever (Fever #1), Fantasy,56.02,1,In stock,2022-04-24,23:20:49
Ash, Fantasy,22.06,4,In stock,2022-04-24,23:20:49
A Storm of Swords ..., Fantasy,31.22,2,In stock,2022-04-24,23:20:49
Vampire Girl (Vampire Girl ..., Fantasy,53.82,2,In stock,2022-04-24,23:20:49
The Silent Twin (Detective ..., Fantasy,36.25,3,In stock,2022-04-24,23:20:49
The Mirror & the ..., Fantasy,29.38,1,In stock,2022-04-24,23:20:49
Sister Sable (The Mad ..., Fantasy,13.33,3,In stock,2022-04-24,23:20:49
Shadow Rites (Jane Yellowrock ..., Fantasy,21.72,4,In stock,2022-04-24,23:20:49
Origins (Alphas 0.5), Fantasy,28.99,1,In stock,2022-04-24,23:20:49
One Second (Seven #7), Fantasy,52.94,2,In stock,2022-04-24,23:20:49
Myriad (Prentor #1), Fantasy,58.75,4,In stock,2022-04-24,23:20:49
Without Borders (Wanderlove #1), New Adult,45.07,2,In stock,2022-04-24,23:20:49
The Mistake (Off-Campus #2), New Adult,43.29,3,In stock,2022-04-24,23:20:49
The Matchmaker's Playbook (Wingmen ..., New Adult,55.85,1,In stock,2022-04-24,23:20:49
The Hook Up (Game ..., New Adult,36.29,5,In stock,2022-04-24,23:20:49
Shameless, New Adult,58.35,3,In stock,2022-04-24,23:20:49
Off Sides (Off #1), New Adult,39.45,5,In stock,2022-04-24,23:20:49
The Requiem Red, Young Adult,22.65,1,In stock,2022-04-24,23:20:49
Set Me Free, Young Adult,17.46,5,In stock,2022-04-24,23:20:49
The Natural History of ..., Young Adult,45.22,3,In stock,2022-04-24,23:20:49
Obsidian (Lux #1), Young Adult,14.86,2,In stock,2022-04-24,23:20:49
Burning, Young Adult,28.81,3,In stock,2022-04-24,23:20:49
A Fierce and Subtle ..., Young Adult,28.13,4,In stock,2022-04-24,23:20:49
Scarlett Epstein Hates It ..., Young Adult,43.55,5,In stock,2022-04-24,23:20:49
"Nightingale, Sing", Young Adult,38.28,1,In stock,2022-04-24,23:20:49
Library of Souls (Miss ..., Young Adult,48.56,5,In stock,2022-04-24,23:20:49
Frostbite (Vampire Academy #2), Young Adult,29.99,5,In stock,2022-04-24,23:20:49
Wild Swans, Young Adult,14.36,2,In stock,2022-04-24,23:20:49
Until Friday Night (The ..., Young Adult,46.31,2,In stock,2022-04-24,23:20:49
This Is Where It ..., Young Adult,27.12,2,In stock,2022-04-24,23:20:49
The Darkest Lie, Young Adult,35.35,5,In stock,2022-04-24,23:20:49
My Kind of Crazy, Young Adult,40.36,1,In stock,2022-04-24,23:20:49
Don't Get Caught, Young Adult,55.35,1,In stock,2022-04-24,23:20:49
Catching Jordan (Hundred Oaks), Young Adult,50.83,3,In stock,2022-04-24,23:20:49
Aristotle and Dante Discover ..., Young Adult,58.14,4,In stock,2022-04-24,23:20:49
The Epidemic (The Program ..., Young Adult,14.44,5,In stock,2022-04-24,23:20:49
Stars Above (The Lunar ..., Young Adult,48.05,2,In stock,2022-04-24,23:20:49
No Love Allowed (Dodge ..., Young Adult,54.65,4,In stock,2022-04-24,23:20:49
"Exit, Pursued by a ...", Young Adult,51.34,4,In stock,2022-04-24,23:20:49
The Alien Club, Young Adult,54.40,1,In stock,2022-04-24,23:20:49
Don't Forget Steven, Young Adult,33.23,1,In stock,2022-04-24,23:20:49
South of Sunshine, Young Adult,28.93,1,In stock,2022-04-24,23:20:49
My Life Next Door ..., Young Adult,36.39,5,In stock,2022-04-24,23:20:49
Future Shock (Future Shock ..., Young Adult,55.65,5,In stock,2022-04-24,23:20:49
Nightstruck: A Novel, Young Adult,50.35,4,In stock,2022-04-24,23:20:49
Tell the Wolves I'm ..., Young Adult,50.96,2,In stock,2022-04-24,23:20:49
"Will Grayson, Will Grayson ...", Young Adult,47.31,4,In stock,2022-04-24,23:20:49
Where She Went (If ..., Young Adult,41.73,4,In stock,2022-04-24,23:20:49
Two Summers, Young Adult,14.64,1,In stock,2022-04-24,23:20:49
The Darkest Corners, Young Adult,11.33,5,In stock,2022-04-24,23:20:49
Tell Me Three Things, Young Adult,41.81,1,In stock,2022-04-24,23:20:49
Lola and the Boy ..., Young Adult,23.63,4,In stock,2022-04-24,23:20:49
Kill the Boy Band, Young Adult,15.52,5,In stock,2022-04-24,23:20:49
Isla and the Happily ..., Young Adult,48.13,5,In stock,2022-04-24,23:20:49
An Abundance of Katherines, Young Adult,10.00,5,In stock,2022-04-24,23:20:49
Harry Potter and the ..., Young Adult,24.17,4,In stock,2022-04-24,23:20:49
Walk the Edge (Thunder ..., Young Adult,32.36,3,In stock,2022-04-24,23:20:49
Two Boys Kissing, Young Adult,32.74,2,In stock,2022-04-24,23:20:49
The New Guy (and ..., Young Adult,44.92,3,In stock,2022-04-24,23:20:49
"The Land of 10,000 ...", Young Adult,29.64,4,In stock,2022-04-24,23:20:49
Scarlet (The Lunar Chronicles ..., Young Adult,14.57,4,In stock,2022-04-24,23:20:49
Legend (Legend #1), Young Adult,43.69,4,In stock,2022-04-24,23:20:49
Lady Renegades (Rebel Belle ..., Young Adult,53.04,5,In stock,2022-04-24,23:20:49
Golden (Heart of Dread ..., Young Adult,42.21,4,In stock,2022-04-24,23:20:49
Cinder (The Lunar Chronicles ..., Young Adult,26.09,1,In stock,2022-04-24,23:20:49
Boy Meets Boy, Young Adult,21.12,3,In stock,2022-04-24,23:20:49
Annie on My Mind, Young Adult,36.83,5,In stock,2022-04-24,23:20:49
New Moon (Twilight #2), Young Adult,12.86,4,In stock,2022-04-24,23:20:49
Girl Online On Tour ..., Young Adult,53.47,1,In stock,2022-04-24,23:20:49
The Haters, Young Adult,27.89,5,In stock,2022-04-24,23:20:49
The Art of Not ..., Young Adult,40.83,4,In stock,2022-04-24,23:20:49
The Most Perfect Thing: ..., Science,42.96,4,In stock,2022-04-24,23:20:49
Immunity: How Elie Metchnikoff ..., Science,57.36,5,In stock,2022-04-24,23:20:49
Sorting the Beef from ..., Science,44.74,4,In stock,2022-04-24,23:20:49
Tipping Point for Planet ..., Science,37.55,1,In stock,2022-04-24,23:20:49
The Fabric of the ..., Science,55.91,1,In stock,2022-04-24,23:20:49
Diary of a Citizen ..., Science,28.41,1,In stock,2022-04-24,23:20:49
The Origin of Species, Science,10.01,4,In stock,2022-04-24,23:20:49
The Grand Design, Science,13.76,3,In stock,2022-04-24,23:20:49
Peak: Secrets from the ..., Science,16.28,2,In stock,2022-04-24,23:20:49
"The Elegant Universe: Superstrings, ...", Science,13.03,4,In stock,2022-04-24,23:20:49
The Disappearing Spoon: And ..., Science,57.35,5,In stock,2022-04-24,23:20:49
"Surely You're Joking, Mr. ...", Science,25.83,2,In stock,2022-04-24,23:20:49
Seven Brief Lessons on ..., Science,30.60,4,In stock,2022-04-24,23:20:49
The Selfish Gene, Science,29.45,1,In stock,2022-04-24,23:20:49
A Light in the ..., Poetry,51.77,3,In stock,2022-04-24,23:20:49
The Black Maria, Poetry,52.15,1,In stock,2022-04-24,23:20:49
Shakespeare's Sonnets, Poetry,20.66,4,In stock,2022-04-24,23:20:49
Olio, Poetry,23.88,1,In stock,2022-04-24,23:20:49
You can't bury them ..., Poetry,33.63,2,In stock,2022-04-24,23:20:49
Slow States of Collapse: ..., Poetry,57.31,3,In stock,2022-04-24,23:20:49
Untitled Collection: Sabbath Poems ..., Poetry,14.27,4,In stock,2022-04-24,23:20:49
Poems That Make Grown ..., Poetry,14.19,4,In stock,2022-04-24,23:20:49
Night Sky with Exit ..., Poetry,41.05,1,In stock,2022-04-24,23:20:49
salt., Poetry,46.78,4,In stock,2022-04-24,23:20:49
Quarter Life Poetry: Poems ..., Poetry,50.89,5,In stock,2022-04-24,23:20:49
Out of Print: City ..., Poetry,53.64,5,In stock,2022-04-24,23:20:49
Les Fleurs du Mal, Poetry,29.04,5,In stock,2022-04-24,23:20:49
Howl and Other Poems, Poetry,40.45,2,In stock,2022-04-24,23:20:49
Leave This Song Behind: ..., Poetry,51.17,5,In stock,2022-04-24,23:20:49
The Collected Poems of ..., Poetry,15.42,5,In stock,2022-04-24,23:20:49
The Crossover, Poetry,38.77,4,In stock,2022-04-24,23:20:49
Booked, Poetry,17.49,5,In stock,2022-04-24,23:20:49
Twenty Love Poems and ..., Poetry,30.95,4,In stock,2022-04-24,23:20:49
"Vampire Knight, Vol. 1 ...", Paranormal,15.40,1,In stock,2022-04-24,23:20:49
Wall and Piece, Art,44.18,4,In stock,2022-04-24,23:20:49
Feathers: Displays of Brilliant ..., Art,49.05,3,In stock,2022-04-24,23:20:49
Art and Fear: Observations ..., Art,48.63,4,In stock,2022-04-24,23:20:49
The New Drawing on ..., Art,43.02,3,In stock,2022-04-24,23:20:49
History of Beauty, Art,10.29,4,In stock,2022-04-24,23:20:49
The Story of Art, Art,41.14,4,In stock,2022-04-24,23:20:49
The Art Book, Art,32.34,2,In stock,2022-04-24,23:20:49
Ways of Seeing, Art,39.51,5,In stock,2022-04-24,23:20:49
The Lucifer Effect: Understanding ..., Psychology,10.40,1,In stock,2022-04-24,23:20:49
The Golden Condom: And ..., Psychology,39.43,1,In stock,2022-04-24,23:20:49
It Didn't Start with ..., Psychology,56.27,3,In stock,2022-04-24,23:20:49
An Unquiet Mind: A ..., Psychology,21.30,3,In stock,2022-04-24,23:20:49
"Thinking, Fast and Slow", Psychology,21.14,1,In stock,2022-04-24,23:20:49
Civilization and Its Discontents, Psychology,59.95,2,In stock,2022-04-24,23:20:49
8 Keys to Mental ..., Psychology,31.04,1,In stock,2022-04-24,23:20:49
The Argonauts, Autobiography,10.93,2,In stock,2022-04-24,23:20:49
M Train, Autobiography,27.18,1,In stock,2022-04-24,23:20:49
Lab Girl, Autobiography,40.85,1,In stock,2022-04-24,23:20:49
Approval Junkie: Adventures in ..., Autobiography,58.81,5,In stock,2022-04-24,23:20:49
Running with Scissors, Autobiography,12.91,4,In stock,2022-04-24,23:20:49
Me Talk Pretty One ..., Autobiography,57.60,2,In stock,2022-04-24,23:20:49
Lust & Wonder, Autobiography,11.87,2,In stock,2022-04-24,23:20:49
Life Without a Recipe, Autobiography,59.04,5,In stock,2022-04-24,23:20:49
A Heartbreaking Work of ..., Autobiography,54.29,5,In stock,2022-04-24,23:20:49
Catastrophic Happiness: Finding Joy ..., Parenting,37.35,2,In stock,2022-04-24,23:20:49
Fifty Shades Freed (Fifty ..., Adult Fiction,15.36,5,In stock,2022-04-24,23:20:49
The Long Haul (Diary ..., Humor,44.07,1,In stock,2022-04-24,23:20:49
Old School (Diary of ..., Humor,11.83,5,In stock,2022-04-24,23:20:49
I Know What I'm ..., Humor,25.98,4,In stock,2022-04-24,23:20:49
Hyperbole and a Half: ..., Humor,14.75,5,In stock,2022-04-24,23:20:49
Dress Your Family in ..., Humor,43.68,3,In stock,2022-04-24,23:20:49
Toddlers Are A**holes: It's ..., Humor,25.55,1,In stock,2022-04-24,23:20:49
When You Are Engulfed ..., Humor,30.89,5,In stock,2022-04-24,23:20:49
Naked, Humor,31.69,3,In stock,2022-04-24,23:20:49
Lamb: The Gospel According ..., Humor,55.50,5,In stock,2022-04-24,23:20:49
Holidays on Ice, Humor,51.07,2,In stock,2022-04-24,23:20:49
Security, Horror,39.25,2,In stock,2022-04-24,23:20:49
Follow You Home, Horror,21.36,1,In stock,2022-04-24,23:20:49
The Loney, Horror,23.40,1,In stock,2022-04-24,23:20:49
Pet Sematary, Horror,10.56,3,In stock,2022-04-24,23:20:49
Doctor Sleep (The Shining ..., Horror,40.12,2,In stock,2022-04-24,23:20:49
Psycho: Sanitarium (Psycho #1.5), Horror,36.97,5,In stock,2022-04-24,23:20:49
Can You Keep a ..., Horror,48.64,1,In stock,2022-04-24,23:20:49
Red Dragon (Hannibal Lecter ..., Horror,23.37,3,In stock,2022-04-24,23:20:49
Dracula the Un-Dead, Horror,35.63,5,In stock,2022-04-24,23:20:49
Night Shift (Night Shift ..., Horror,12.75,4,In stock,2022-04-24,23:20:49
Needful Things, Horror,47.51,4,In stock,2022-04-24,23:20:49
Misery, Horror,34.79,2,In stock,2022-04-24,23:20:49
It, Horror,25.01,3,In stock,2022-04-24,23:20:49
'Salem's Lot, Horror,49.56,4,In stock,2022-04-24,23:20:49
The Stand, Horror,57.86,2,In stock,2022-04-24,23:20:49
The Girl with All ..., Horror,49.47,3,In stock,2022-04-24,23:20:49
House of Leaves, Horror,54.89,1,In stock,2022-04-24,23:20:49
Sapiens: A Brief History ..., History,54.23,5,In stock,2022-04-24,23:20:49
Unbound: How Eight Technologies ..., History,25.52,1,In stock,2022-04-24,23:20:49
The Age of Genius: ..., History,19.73,1,In stock,2022-04-24,23:20:49
"Political Suicide: Missteps, Peccadilloes, ...", History,36.28,2,In stock,2022-04-24,23:20:49
Thomas Jefferson and the ..., History,59.64,1,In stock,2022-04-24,23:20:49
Zealot: The Life and ..., History,24.70,3,In stock,2022-04-24,23:20:49
A Distant Mirror: The ..., History,14.58,3,In stock,2022-04-24,23:20:49
1491: New Revelations of ..., History,21.80,3,In stock,2022-04-24,23:20:49
Brilliant Beacons: A History ..., History,11.45,3,In stock,2022-04-24,23:20:49
"""Most Blessed of the ...", History,44.48,5,In stock,2022-04-24,23:20:49
A Short History of ..., History,52.40,5,In stock,2022-04-24,23:20:49
The Rise and Fall ..., History,39.67,2,In stock,2022-04-24,23:20:49
Catherine the Great: Portrait ..., History,58.55,4,In stock,2022-04-24,23:20:49
The Mathews Men: Seven ..., History,42.91,5,In stock,2022-04-24,23:20:49
The Hiding Place, History,55.91,4,In stock,2022-04-24,23:20:49
America's War for the ..., History,51.22,2,In stock,2022-04-24,23:20:49
The Guns of August, History,14.54,2,In stock,2022-04-24,23:20:49
House of Lost Worlds: ..., History,43.70,2,In stock,2022-04-24,23:20:49
Foolproof Preserving: A Guide ..., Food and Drink,30.52,3,In stock,2022-04-24,23:20:49
The Pioneer Woman Cooks: ..., Food and Drink,56.41,1,In stock,2022-04-24,23:20:49
My Paris Kitchen: Recipes ..., Food and Drink,33.37,2,In stock,2022-04-24,23:20:49
Mama Tried: Traditional Italian ..., Food and Drink,14.02,4,In stock,2022-04-24,23:20:49
"Layered: Baking, Building, and ...", Food and Drink,40.11,1,In stock,2022-04-24,23:20:49
The Nerdy Nummies Cookbook: ..., Food and Drink,37.34,5,In stock,2022-04-24,23:20:49
The Love and Lemons ..., Food and Drink,37.60,2,In stock,2022-04-24,23:20:49
The Cookies & Cups ..., Food and Drink,41.25,1,In stock,2022-04-24,23:20:49
Deliciously Ella Every Day: ..., Food and Drink,42.16,3,In stock,2022-04-24,23:20:49
The Help Yourself Cookbook ..., Food and Drink,28.77,3,In stock,2022-04-24,23:20:49
"It's All Easy: Healthy, ...", Food and Drink,19.55,1,In stock,2022-04-24,23:20:49
Barefoot Contessa Back to ..., Food and Drink,28.01,1,In stock,2022-04-24,23:20:49
Barefoot Contessa at Home: ..., Food and Drink,50.62,5,In stock,2022-04-24,23:20:49
My Kitchen Year: 136 ..., Food and Drink,11.53,2,In stock,2022-04-24,23:20:49
Everyday Italian: 125 Simple ..., Food and Drink,20.10,5,In stock,2022-04-24,23:20:49
A la Mode: 120 ..., Food and Drink,38.77,1,In stock,2022-04-24,23:20:49
Cravings: Recipes for What ..., Food and Drink,20.50,3,In stock,2022-04-24,23:20:49
The Moosewood Cookbook: Recipes ..., Food and Drink,12.34,4,In stock,2022-04-24,23:20:49
32 Yolks, Food and Drink,53.63,2,In stock,2022-04-24,23:20:49
Naturally Lean: 125 Nourishing ..., Food and Drink,11.38,5,In stock,2022-04-24,23:20:49
How to Cook Everything ..., Food and Drink,46.01,4,In stock,2022-04-24,23:20:49
How to Be a ..., Food and Drink,28.25,2,In stock,2022-04-24,23:20:49
The Barefoot Contessa Cookbook, Food and Drink,59.92,5,In stock,2022-04-24,23:20:49
Better Homes and Gardens ..., Food and Drink,39.61,3,In stock,2022-04-24,23:20:49
The Power Greens Cookbook: ..., Food and Drink,11.05,5,In stock,2022-04-24,23:20:49
Mexican Today: New and ..., Food and Drink,24.91,5,In stock,2022-04-24,23:20:49
Vegan Vegetarian Omnivore: Dinner ..., Food and Drink,13.66,2,In stock,2022-04-24,23:20:49
The Smitten Kitchen Cookbook, Food and Drink,23.59,1,In stock,2022-04-24,23:20:49
The Art of Simple ..., Food and Drink,34.32,3,In stock,2022-04-24,23:20:49
Hungry Girl Clean & ..., Food and Drink,33.14,3,In stock,2022-04-24,23:20:49
Redeeming Love, Christian Fiction,20.47,5,In stock,2022-04-24,23:20:49
Close to You, Christian Fiction,49.46,4,In stock,2022-04-24,23:20:49
Shadows of the Past ..., Christian Fiction,39.67,5,In stock,2022-04-24,23:20:49
Like Never Before (Walker ..., Christian Fiction,28.77,2,In stock,2022-04-24,23:20:49
Counted With the Stars ..., Christian Fiction,17.97,5,In stock,2022-04-24,23:20:49
If I Run (If ..., Christian Fiction,49.97,4,In stock,2022-04-24,23:20:49
The Dirty Little Secrets ..., Business,33.34,4,In stock,2022-04-24,23:20:49
The Third Wave: An ..., Business,12.61,5,In stock,2022-04-24,23:20:49
The 10% Entrepreneur: Live ..., Business,27.55,3,In stock,2022-04-24,23:20:49
Shoe Dog: A Memoir ..., Business,23.99,2,In stock,2022-04-24,23:20:49
Made to Stick: Why ..., Business,38.85,5,In stock,2022-04-24,23:20:49
Quench Your Own Thirst: ..., Business,43.14,1,In stock,2022-04-24,23:20:49
The Art of Startup ..., Business,21.00,3,In stock,2022-04-24,23:20:49
Born for This: How ..., Business,21.59,5,In stock,2022-04-24,23:20:49
The E-Myth Revisited: Why ..., Business,36.91,1,In stock,2022-04-24,23:20:49
"Rich Dad, Poor Dad", Business,51.74,1,In stock,2022-04-24,23:20:49
The Lean Startup: How ..., Business,33.92,3,In stock,2022-04-24,23:20:49
Rework, Business,44.88,2,In stock,2022-04-24,23:20:49
Louisa: The Extraordinary Life ..., Biography,16.85,2,In stock,2022-04-24,23:20:49
Setting the World on ..., Biography,21.15,2,In stock,2022-04-24,23:20:49
The Faith of Christopher ..., Biography,39.55,1,In stock,2022-04-24,23:20:49
Benjamin Franklin: An American ..., Biography,48.19,3,In stock,2022-04-24,23:20:49
The Rise of Theodore ..., Biography,42.57,3,In stock,2022-04-24,23:20:49
In Her Wake, Thriller,12.84,1,In stock,2022-04-24,23:20:49
The Elephant Tree, Thriller,23.82,5,In stock,2022-04-24,23:20:49
Behind Closed Doors, Thriller,52.22,4,In stock,2022-04-24,23:20:49
You (You #1), Thriller,43.61,5,In stock,2022-04-24,23:20:49
The Guilty (Will Robie ..., Thriller,13.82,2,In stock,2022-04-24,23:20:49
The 14th Colony (Cotton ..., Thriller,39.24,1,In stock,2022-04-24,23:20:49
Give It Back, Thriller,18.32,2,In stock,2022-04-24,23:20:49
Killing Floor (Jack Reacher ..., Thriller,31.49,4,In stock,2022-04-24,23:20:49
The Bone Hunters (Lexy ..., Thriller,59.71,3,In stock,2022-04-24,23:20:49
Far From True (Promise ..., Thriller,34.93,2,In stock,2022-04-24,23:20:49
The Travelers, Thriller,15.77,1,In stock,2022-04-24,23:20:49
When We Collided, Contemporary,31.77,1,In stock,2022-04-24,23:20:49
Someone Like You (The ..., Contemporary,52.79,5,In stock,2022-04-24,23:20:49
We Are All Completely ..., Contemporary,24.04,1,In stock,2022-04-24,23:20:49
The Four Agreements: A ..., Spirituality,17.66,5,In stock,2022-04-24,23:20:49
The Activist's Tao Te ..., Spirituality,32.24,5,In stock,2022-04-24,23:20:49
Chasing Heaven: What Dying ..., Spirituality,37.80,2,In stock,2022-04-24,23:20:49
If I Gave You ..., Spirituality,20.91,1,In stock,2022-04-24,23:20:49
Unreasonable Hope: Finding Faith ..., Spirituality,46.33,2,In stock,2022-04-24,23:20:49
A New Earth: Awakening ..., Spirituality,55.65,5,In stock,2022-04-24,23:20:49
Logan Kade (Fallen Crest ..., Academic,13.12,2,In stock,2022-04-24,23:20:49
Online Marketing for Busy ..., Self Help,46.35,1,In stock,2022-04-24,23:20:49
How to Be Miserable: ..., Self Help,46.03,1,In stock,2022-04-24,23:20:49
"Overload: How to Unplug, ...", Self Help,52.15,3,In stock,2022-04-24,23:20:49
You Are a Badass: ..., Self Help,12.08,3,In stock,2022-04-24,23:20:49
How to Stop Worrying ..., Self Help,46.49,5,In stock,2022-04-24,23:20:49
All the Light We ..., Historical,29.87,5,In stock,2022-04-24,23:20:49
The Girl You Left ..., Historical,15.79,1,In stock,2022-04-24,23:20:49
(Un)Qualified: How God Uses ..., Christian,54.00,5,In stock,2022-04-24,23:20:49
Crazy Love: Overwhelmed by ..., Christian,47.72,2,In stock,2022-04-24,23:20:49
Blue Like Jazz: Nonreligious ..., Christian,25.77,1,In stock,2022-04-24,23:20:49
Silence in the Dark ..., Suspense,58.33,3,In stock,2022-04-24,23:20:49
The Grownup, Short Stories,35.88,1,In stock,2022-04-24,23:20:49
Suzie Snowflake: One beautiful ..., Novels,54.81,5,In stock,2022-04-24,23:20:49
The Bulletproof Diet: Lose ..., Health,49.05,3,In stock,2022-04-24,23:20:49
"Eat Fat, Get Thin", Health,54.07,2,In stock,2022-04-24,23:20:49
10-Day Green Smoothie Cleanse: ..., Health,49.71,5,In stock,2022-04-24,23:20:49
The Art and Science ..., Health,52.98,5,In stock,2022-04-24,23:20:49
Libertarianism for Beginners, Politics,51.33,2,In stock,2022-04-24,23:20:49
Why the Right Went ..., Politics,52.65,4,In stock,2022-04-24,23:20:49
Equal Is Unfair: America's ..., Politics,56.86,1,In stock,2022-04-24,23:20:49
Amid the Chaos, Cultural,36.58,1,In stock,2022-04-24,23:20:49
Dark Notes, Erotica,19.19,5,In stock,2022-04-24,23:20:49
The Long Shadow of ..., Crime,10.97,1,In stock,2022-04-24,23:20:49
